Column1,Column2,Column3,Column4,Column5,Column6,Column7,Column8,Column9,Column10
-0.402590805,-0.98548885,-1.351897966,0.757728831,-0.063370965,0.975149622,0.824768175,0.252485854,0.814345014,-1.531566865
0.651363425,0.359503579,-1.296395573,-0.096567051,1.708953228,-1.475270079,1.417018879,-0.703894219,0.683187982,0.11286036
-0.905141771,0.45259161,0.077207643,0.273695863,0.006552537,-0.545142717,0.254476133,-1.235433124,1.37246482,-1.388128019
1.254910915,0.63567653,0.861556151,-1.968790314,1.03758084,0.659448167,0.303918732,-0.189550186,0.96313874,-0.057203317
-0.09037999,-0.629055402,-1.765836894,0.553399557,-0.088083578,0.585879036,0.030741868,1.578202171,-1.984079134,0.759711577
2.196944617,0.601132374,0.544097707,-1.927295149,0.060845777,0.015809865,-1.021822476,0.408084962,1.021081142,0.250038759
1.56111806,-0.925485038,1.085986957,-1.186462607,-0.837450053,1.421521399,-0.530309594,-1.142369858,0.469000558,0.336023278
0.430611018,-0.392088367,1.035378952,0.375679358,-0.94744971,0.355053076,-0.296011717,-0.858046554,-0.716656441,0.714313697
-0.082454112,-0.45682992,-0.344476643,-1.479315461,-1.950101645,-0.143370476,-1.217969493,-0.1681753,-2.05941626,-0.891689208
-0.789708818,-0.851101233,-0.155664375,-1.740919681,-0.739298559,-0.446786196,-0.444745908,0.009320768,0.406059754,-0.083842804
-0.999625019,0.808327425,0.48791427,-0.808731785,-1.02505608,0.099182963,-1.64829587,-0.06801039,-0.652255548,0.189694487
-1.494563863,-1.151453715,-0.270595383,-0.03180511,-0.00253369,-0.469564172,-1.610239848,0.444508567,-1.084236285,-0.548681327
0.466467626,-0.324093774,-1.0834525,0.760390698,-0.423895514,0.998527153,-1.209652124,-0.913465784,-0.352158583,-0.029886926
-0.191870516,-0.136035359,-0.911277413,1.017563767,1.475580701,-1.735119201,-0.159706033,0.80511556,-0.716613816,0.234880204
-1.068990135,-0.42664295,-0.429798172,-0.037760171,0.425251104,1.231141877,-1.268764725,-0.241050261,0.58527531,0.898192795
-2.284965958,-0.918093694,-0.750389146,1.732124627,0.199311338,0.204608807,-0.076269785,-1.063727372,-1.545028643,-0.762266135
0.175501969,-0.903242287,-0.252596986,1.149127405,1.707042913,-0.338472134,-1.631108031,0.780917735,-1.024863593,1.614247303
-0.432498611,-0.232066863,-0.210582009,0.087413365,1.396106662,0.075282388,0.371295319,-0.351256029,-0.610898618,-2.250546772
1.573440662,-0.585236289,0.592305752,-0.839705444,-0.577780071,0.668300037,0.310152199,-1.661449043,0.480389732,-0.097963143
-0.444321989,-2.040959984,0.255828856,-0.04987576,-0.049741116,0.003592853,-0.729727925,-0.165901126,2.689496909,-0.049675802
-0.263875214,-0.126572801,-0.942076868,-1.699007886,0.521818582,-0.245090237,-2.075873961,-1.433880313,-1.536396344,-0.791106116
-0.713593191,0.807405789,-0.682510828,0.543919608,0.814244423,-0.704223709,-0.135269038,1.920309654,0.405751356,0.34588144
-0.224141985,1.534379412,1.181298857,1.58828271,1.192084902,1.016411686,-1.435370324,1.027190474,-0.196863037,1.210891939
0.547124503,1.07432668,0.765688774,-0.851629517,1.10745915,0.997841019,-0.817385293,-0.886722906,1.485472644,1.019552429
2.127847131,0.197260953,0.579427376,-0.695107273,-1.00902192,-0.8235388,-0.586595115,1.259919668,-1.459251828,-1.624201179
1.934352581,-0.887863074,-0.899249931,0.658973362,1.017850048,0.245005811,0.604639915,-0.899780807,0.522451689,0.593801347
-1.983894245,0.582434851,-0.94245061,0.282602449,-0.179778575,-0.072038578,0.304785715,-1.125484324,0.914763247,0.979504164
1.02307371,1.497896146,0.439407535,1.29704763,0.55058445,-0.15399774,0.509197731,-0.142935272,-0.742842326,-1.023439314
1.115413288,0.354520129,-0.535457762,-0.681012733,1.317266944,-0.136728177,-0.054656618,-1.161366164,0.063201939,1.825613379
0.502222161,1.155395912,1.283216822,-0.903699718,0.803754859,-0.314289733,0.751554854,-0.242498594,-0.8098506,-1.947445918
-0.740670086,-0.853856397,0.676224111,-1.079782908,0.171375258,-0.519257382,0.551320712,-1.013924789,-1.86880038,-1.938501754
1.078226629,-0.587652634,0.809359174,2.554458994,-0.690056676,-0.98459917,-1.411731137,1.352554991,-0.932381454,0.637694418
-0.666020381,0.289986706,1.064062404,-1.377763236,-1.310884118,-0.153249267,0.7445222,-1.706203363,0.483696859,1.613246103
-1.015724217,0.121329048,-0.051367462,-0.670796186,-0.754550199,-0.372763409,-1.887682963,1.240034484,-0.654099558,-0.673171631
0.984115171,0.311540956,0.562984664,0.401607909,-2.000127472,-0.700620134,-0.152316955,-0.753712075,-0.094734488,1.746981924
0.464869573,0.752608787,0.480929447,0.641090948,-1.003678622,1.093402685,2.00125452,-1.05904247,2.318414592,-0.753097344
1.425941188,-0.937219841,-1.738893056,-0.36608198,0.693364629,0.236731318,-0.117546721,0.410332482,0.384618235,1.401167235
-1.028323189,-1.019487706,1.034285512,-0.092584709,-2.135902002,0.62904424,0.805554314,0.058287337,0.846071312,1.438053555
1.638424599,1.501173192,0.149926939,0.790633308,-1.337935277,0.671375512,0.266345822,2.259004903,2.555433754,-1.499954698
1.240808988,0.699313754,0.439526128,0.805959111,-0.118703559,0.186464684,-0.171044453,1.569762719,-0.630443282,-1.705572972
0.525919926,-0.758705771,-1.075979286,0.032211866,-0.273958377,-0.076550138,-2.202403391,1.226543547,-1.105118926,-0.445210334
0.397211172,-0.066230763,0.025843644,-1.261604055,0.088572641,0.705411774,0.543023424,-0.022683358,0.850791218,1.574229622
0.243387724,-0.481702091,0.707736692,0.487618755,-2.027028577,-0.574786805,1.10457967,1.35399291,-0.087571207,0.613285207
-0.609927458,-0.2580387,0.681692888,-0.963666354,-0.32002419,1.296497979,1.41316088,0.499255974,1.265526612,-0.246849078
-0.856728303,0.634228655,-0.755803999,-0.014810446,2.311913521,0.041841907,2.203913289,0.624368181,1.132698461,0.657564246
-0.035364031,-0.645247208,1.798073255,-0.087078965,-1.422076186,-0.416842152,-0.704156796,0.961263677,1.453557023,-0.035517329
-0.025353122,0.003729471,1.654036349,-0.851627204,-0.710463163,-0.127279349,-0.331708675,1.076817827,-1.957697931,-0.046988374
1.117250449,-0.194636752,0.823029245,0.820873933,-1.738580091,-0.098682336,-1.408451583,0.917209928,-0.748015949,-0.509375993
-0.690316178,0.168824393,0.569837409,-0.601384551,-0.866336061,1.46247015,-0.764019767,-1.126055864,-2.122553869,-0.28925633
-1.041369803,-1.803112625,-0.063800366,-1.312501501,2.140332783,-0.501780876,-1.772616098,1.179128406,-0.072813633,-0.890369873
-0.64826993,0.933755594,0.825400733,0.454730705,-0.062460705,-0.115010898,0.829290649,0.945438415,1.309307668,-0.972641293
0.189634373,-1.038758395,0.499435516,1.20375013,-0.06855995,-1.397470886,0.584491535,-0.710008561,1.543745839,0.898701138
-0.095513088,-0.232585458,-0.373750399,-0.601981954,-0.09908069,-0.692193081,-0.495170681,-1.520448695,-0.161230213,1.245195899
-2.826035865,-0.185575441,0.430137154,-1.318235353,-0.334164826,1.273543097,-0.961799444,-1.443818537,-1.576737526,-0.284843136
1.065500591,1.333842642,-0.394517375,-0.292343645,0.633980165,-1.430038556,1.351397159,1.606260642,0.602921751,-0.205661136
0.581589697,-2.29712844,0.914329064,0.466079561,0.90754232,0.683293838,-0.601330877,-0.023821286,-0.201841895,1.380112765
1.55857599,0.117528059,0.9189271,0.748672808,-0.784700989,0.737547688,0.94309346,1.139118808,-0.426710974,0.453366927
0.089832318,-1.293261898,-0.606809899,-0.552595289,0.390799748,1.425459398,-0.40723326,0.497143428,-0.74083983,1.320527266
0.919850232,0.739358345,0.19569432,-0.611763485,0.729398712,-1.165599699,-0.529824269,-0.432129403,0.244800095,0.786204125
1.398265045,-0.020991235,0.307685298,0.836710263,-1.193026236,2.107967143,-0.086974454,0.271612057,0.026753728,-0.759712749
2.146431291,0.473278168,-0.429806962,-1.370552024,0.808030919,-0.508344329,-0.540267005,-0.14010279,0.130373836,-0.076267357
0.405028395,0.394986316,0.293634289,-1.089224747,0.786806995,-0.557573682,-0.00868203,-0.854709743,0.975137667,0.186589772
-0.284835375,0.225315897,-0.97483926,-0.350220226,1.28664275,-1.531494809,-1.810430137,2.13219215,1.364492077,-1.886717612
-0.530009518,1.147759157,-0.042697366,0.398386235,-1.28983311,0.548967794,0.276538442,-0.166415191,0.132378195,0.445796797
-0.818095813,0.388873529,0.394394267,0.042131684,-1.097058551,-0.138392785,-0.000830678,-0.601064858,0.58632971,-0.528008715
-0.174499026,0.662203879,-1.92336559,-0.66735071,0.67248183,1.132145963,-0.252624099,2.160159134,-0.392593883,1.397964706
2.330944612,1.034406551,0.231331968,0.305058013,-0.368940238,-1.678830856,0.003536732,-0.699952295,-0.109332399,0.642008011
0.938686306,-0.447896417,-0.076674953,0.934447166,-0.389581277,-1.306747247,0.113853016,-0.82623438,0.393194645,0.007650637
0.095887132,-0.046583827,-0.057812136,-0.706150555,1.822313106,0.468230136,-0.63459047,-1.301806463,0.169610615,0.088168963
-2.542789972,0.246249587,2.613146731,-0.469109225,-1.856734687,0.16491776,0.936853781,0.573345275,0.949362413,0.025378992
-0.437534667,0.322126773,-0.904979964,0.458472763,0.755182008,-1.651396973,0.027051617,1.282712439,0.006737563,1.030157611
-1.336062708,0.379046191,0.596372881,-1.69337859,0.13895068,0.899819113,0.889035151,-0.726131713,-1.988401931,-0.324032624
0.087589959,-1.896292188,0.2593712,-0.164078385,0.513306661,-0.337752006,0.793760866,0.641833872,-0.630405276,-0.22695987
0.190003682,-1.402287368,0.202089807,-0.38169993,-0.447725687,0.357460815,0.498166218,1.349314736,-0.38932206,-1.068963387
0.405624694,-2.219756989,-0.741136582,1.184666697,0.708971118,-0.520555724,0.104151464,1.888193515,1.122802318,0.328041251
1.704263199,-1.896031306,0.873042324,-2.382670631,-0.707051127,0.91138598,0.820503141,-0.418155599,0.595755323,0.939877632
0.737528342,1.956706002,-0.010885314,0.0042103,0.841738656,-0.102546226,-1.346882299,0.782226006,0.165960093,-0.78602282
-0.330808476,-0.050121249,1.968857621,-0.964874653,0.305855573,0.411756447,0.383685296,-1.130069379,0.249207821,-0.076451036
0.293690053,0.351082684,2.264030885,0.643049695,0.274420089,-0.46717722,-0.246699872,1.153167074,0.136691989,-2.760561573
2.237166483,-2.602380348,-0.240641505,-0.829906503,0.433600899,0.519143192,-2.140150764,-0.772113753,-1.787603674,-0.781898708
-1.410324004,-0.764218284,0.895341216,1.95859209,0.542557267,-0.578732166,-1.557160108,1.561971025,-0.461812532,-0.007241099
-0.77964853,0.580314108,-1.065333087,-2.194582941,0.764877244,-0.437092154,1.728196317,-1.780537564,-1.511041413,1.684141685
-0.355118494,0.022965271,-0.002984925,-0.854497867,-1.150038302,-0.436482391,-0.631625891,0.014008689,0.254077741,-1.201739099
0.235009395,-0.181632008,0.592513082,-0.199563096,-0.924344635,-0.355092541,-1.48044244,1.063052904,-0.54393246,0.925344938
1.696309286,-0.196560585,0.697130442,1.172397939,0.773742737,1.179677647,-1.013804989,-2.294842809,-0.235011213,-0.91290879
0.165942664,-0.948660313,0.352169071,0.350229398,0.491334796,1.101527742,0.531701483,-1.590648524,-0.360610035,-1.329297564
-1.597741247,0.368173656,-0.002623386,-0.997059906,-0.168568193,0.956833135,-0.341571446,-0.74007972,1.397927883,1.029432578
-0.43195866,-0.824306505,0.643197101,-1.988380099,-0.515041254,1.402393184,-0.407128174,-1.81423992,0.931439894,-0.703899272
0.396958153,-0.318451121,0.451387739,0.516303063,2.556138929,1.092468385,-1.040875721,-0.484916218,-1.102835779,1.328654669
0.70688918,1.084897847,0.299623479,0.289363466,-0.361901152,-0.194295955,-0.099999529,0.345438319,0.034877922,0.184343127
-0.681554701,-1.247277197,0.578184553,-1.216351289,1.176481302,0.790865021,1.476780581,0.041212009,-0.198861754,0.104497159
-0.00779547,-0.434960356,0.964801243,-1.733913603,-1.851773056,-0.81380374,1.374634049,0.035384146,0.902234302,-0.85572644
0.625293202,-1.153807277,-1.547218921,-0.407190423,-0.613516928,0.905022326,1.896606448,-0.01606481,-0.95759267,-0.529166244
0.034740911,-0.817315214,-0.124023508,1.334936719,-0.234802043,-1.257371708,-0.437240929,0.728826297,0.823389675,0.612489962
0.279595706,0.980795386,0.216034279,-2.438864318,0.603808273,-0.009844691,0.216013395,0.623547891,-0.578721505,1.082204432
-0.389948252,0.603294785,-0.576959198,-1.802416786,-1.510047649,-0.133750474,1.256940534,-0.685074061,-0.806817222,0.128583048
-0.817378441,-1.661387062,-0.838579013,0.445683743,-0.144889134,0.922427417,1.205318729,-0.288493412,-1.427798588,-0.566773447
-0.219710242,-1.505795387,-0.585485724,0.996882696,0.534471588,0.539289871,0.535158127,1.38480742,-0.034928463,0.589059728
-2.598055924,-0.71505372,0.613490875,2.058996476,1.331013066,1.305124794,1.382469444,0.970142102,1.536580221,-0.515921232
0.400922627,-0.920857823,1.020249717,-0.255723105,-0.60100315,-0.180460518,-0.89691977,-0.530861979,-0.94929263,-1.253515739
-2.176755979,0.663906823,-2.167793897,1.167980359,1.845095293,-0.450402697,-0.835185806,0.192242132,0.798581104,1.950157159
-1.467533162,-0.281710817,-0.698811999,-0.478510546,-0.227078679,-1.47362923,0.350513639,-0.642084487,-1.102677953,-2.533607881
0.344013292,-1.055385972,-0.614939091,-0.531310085,-0.377692734,2.021901432,0.61687332,-1.764218763,1.649034464,0.180414512
0.839223694,-0.928740833,-0.110619684,2.657789918,1.667261064,-0.941321879,2.471190012,-2.120387859,-0.121308248,1.460103952
0.167527462,-0.548313064,-0.885384442,-0.293939227,0.73250049,0.617619796,-0.977113483,2.75240564,0.650843314,0.70432073
-0.070929593,0.595744238,1.442858767,1.015987097,1.340382379,0.509440887,0.594372702,-1.3454937,0.340196553,0.844699393
-0.010660052,-0.504051967,-1.663329581,1.011552923,-0.02127543,0.163140434,0.876577193,-2.058759975,-0.773830291,-1.328237307
-0.746964596,-0.853337915,0.705500752,-0.597886314,0.699599383,0.991111113,-0.10756084,-0.341435035,0.076774309,0.319107399
1.027180756,-0.664544874,0.832325108,-0.025899235,-0.347811454,0.635052541,-1.023272994,0.067258714,-0.176387676,-0.269800991
-1.269507684,0.194627965,0.590202269,-0.442750265,0.176763816,1.37594741,0.818937805,-0.734401141,-1.167517438,0.559583396
1.51960169,-1.028716809,0.34841144,1.633488327,-0.698978268,0.108820459,-0.634704292,-0.88096733,-0.70193657,-2.102073664
-0.964313965,-0.641292728,0.296173399,-0.226813988,0.537608812,-1.379036529,-0.123564248,-0.414140604,0.143348409,-0.558093169
-0.217762285,-0.055468827,0.803286179,0.214578118,0.0260835,-0.208342028,-0.395392112,-0.504222606,0.716295242,1.076424775
-0.246016202,0.614612609,-0.011790155,1.19444812,-1.688258336,1.069466478,-1.37295949,-0.570596948,1.391719049,-0.633561695
0.137133684,0.048777391,0.124137874,0.31307866,1.072318466,0.082609252,1.055211236,-0.741016607,2.087316596,-0.912271894
0.245993289,-0.386894465,-0.711349934,-0.803206745,0.748947809,1.128456345,-1.198857955,0.852647784,0.945681961,0.298119096
-1.884880328,0.736357282,-0.390895914,1.191243902,-1.132163333,-0.533110602,1.555359568,-0.625829718,-0.272597631,-0.831709745
1.101504991,-0.940130975,-0.61965078,2.562613074,1.515774685,1.384603789,0.85681351,0.334712371,0.07697105,-0.617760474
-0.399594355,-1.300464661,0.172695227,3.288887381,-0.811663322,-0.059794631,0.391263218,0.914389362,0.37228113,1.079731658
-1.096089738,0.928594072,0.253702856,0.766847336,-0.864124221,0.081812752,0.333264017,-0.99891816,-2.290070087,0.05199037
1.155762485,0.232161202,-0.414517627,-0.07027178,0.388151555,-0.53792981,0.999217145,-0.15797915,0.54504651,0.391064119
1.163069118,0.9491751,-0.3646367,-1.762881928,-0.057071622,1.616465463,-0.924927678,-0.883200929,0.690528798,-0.27035325
-1.22558489,-0.228498197,0.398226252,0.029077736,-0.15469117,-0.974502561,0.883370539,-1.804544235,1.851848476,0.795718621
1.054585005,-0.029998974,0.67074028,-0.43527383,-1.386412372,0.024712082,-0.253981723,0.529309891,0.155354309,1.064950233
2.024546994,-1.761524461,-0.75387747,0.529044254,-0.430338191,0.811884847,-0.149292094,1.941035747,1.69817508,1.783917476
-0.356228447,0.175317844,0.068544897,-0.19793113,-0.541661183,-0.175434541,0.130119782,-1.35617756,-0.040849425,-0.182462394
-0.312666604,0.582066569,0.760404386,2.150139972,0.437565641,0.735620053,0.962795425,-0.215480356,-0.899723292,0.162816035
0.412804056,-0.61417465,0.517539032,1.84008104,0.63547962,-0.724876532,-0.615792289,-0.269324406,0.112335411,-0.173812557
1.818968756,-2.222277697,2.034854976,1.448445074,-0.929355203,-0.506251882,1.175983534,-1.012527688,0.320898085,-2.306386002
1.581153259,-0.772908259,1.019984761,-0.386144262,-0.755141815,-1.366507823,-0.786766579,0.618846791,0.283994561,0.269946431
0.187734958,2.518197515,-0.399434107,0.356096304,0.626848984,-0.084012229,-1.109033281,-0.550376078,-0.57857927,-0.876286818
-0.449853505,-1.110225638,-0.059868433,0.917744768,1.922028625,-0.332517336,2.197395389,-0.628647398,0.152764843,-0.840443151
0.769362,-0.28366994,1.196549431,0.634033762,2.182793849,-0.012459355,-0.601107376,-0.108987854,0.23114914,0.991705154
1.414600578,1.060473494,0.639433698,1.306787071,-0.802044574,0.401903046,-0.06504991,-0.237706686,-1.04919145,0.320209591
-2.189132534,-1.18075687,-1.768395062,-0.21157965,3.054630632,-0.25065496,-0.065933484,-0.985491841,0.636074035,-0.015971175
-0.00404407,0.653513214,1.634635202,0.446730576,2.006855447,0.177046989,-1.809539441,0.761748475,0.230216629,-0.236740334
-1.792026804,-0.99058009,-0.710036357,1.382593239,0.738174232,0.057565846,-0.088816439,0.120035468,0.109696448,-2.433762488
-1.038385452,0.373880117,-0.946517085,0.978792742,0.237965843,2.147056718,-0.708448945,2.397954185,-0.600166644,-0.505206243
-0.679260273,1.245474565,-0.852178007,1.281613181,1.369211261,0.475625334,0.552373647,1.361207198,0.813419855,0.288809507
-1.183861528,-0.565140208,0.98270429,-0.401874015,1.551194823,-1.297355778,0.520657125,0.104091852,1.041877311,-0.141205522
-1.988402161,-0.366998214,-0.684009323,-0.382237059,0.103267689,1.405862717,0.587182138,-0.535618479,-0.557027312,2.575686185
-0.321150928,1.24435195,0.817817968,-0.257024691,-0.968589811,-0.345134933,-1.149560961,0.322872226,-0.870541238,0.781722297
0.096185644,2.168132707,0.468157231,0.492576596,-0.544260413,-0.757253979,0.624020256,1.105354426,0.912042261,-1.348999124
-0.035104594,1.291374297,0.59101295,0.367169971,0.437319239,-0.287397627,-1.002291613,-0.53010484,-0.398660519,-0.820626048
-0.010072305,-1.33682519,-0.34083176,2.030616182,-0.97902418,1.25311402,-1.056838459,-0.441870073,-1.248314129,-1.15108826
0.777449253,-0.164318505,0.513855457,1.701882196,-0.051183792,0.882897637,-0.005409342,0.742260166,0.176246169,0.217666922
0.521397834,-2.036025058,1.063906059,-0.287787714,0.095295128,-0.472165472,-0.749809461,-0.360757931,-0.395095346,0.380385843
0.565106766,0.97265911,0.366193889,-0.307653085,0.622477924,0.712828113,0.198401568,-0.256915267,-1.126966942,0.632244679
-1.308261437,1.472092841,-0.07600921,-0.923938079,0.395982372,1.564186652,-0.813986432,1.012416142,0.513020257,-1.971668848
0.500052934,0.108502489,-0.293356497,0.927810844,2.050477649,-0.398743538,1.862293731,1.993052979,-0.271205555,1.460995207
-0.215973288,-0.480274366,-1.283552674,-0.520676725,-0.242153457,-0.270753422,-1.833314272,0.112032293,-0.864512382,0.622694978
1.801804061,1.148594151,-0.89189715,0.317644455,-0.720404994,-0.666699232,0.523799913,-0.340066474,0.260832891,-0.170369329
-0.004397032,0.328592321,0.351307714,0.81554603,0.490976427,1.288580693,-1.135462099,0.077290065,-1.802476198,-1.04234462
1.773960734,0.885909357,-0.093029051,-0.731556257,0.488063931,-1.306847169,-0.445953924,0.76307207,1.067791621,-1.191229709
-1.652030679,-0.399579105,0.509532166,-0.110746379,1.435119631,0.763767094,-0.502899923,-1.43191257,-0.872792071,-0.13112835
0.286755359,-1.675412334,-0.849702129,-0.309459241,-0.134513393,-0.893261597,1.56100169,-0.31206647,-0.870381802,0.649680338
0.049645802,-0.492985531,-0.847283975,-1.356663343,-1.149731034,0.649521191,0.686336924,1.671844346,-0.701624832,-0.3640006
-1.652663052,0.047992725,-0.560197799,-1.547777487,0.435813018,0.546720705,0.239273106,0.696019559,-0.686357094,0.725930484
0.098817399,1.811703152,0.34879329,-1.817700843,1.230840359,0.536622583,0.010562165,-0.383013365,0.617920554,1.765210369
1.359118269,-1.629466316,-0.541760685,-0.766308683,-1.12731781,-1.252574918,1.002720383,-0.365664832,0.737642417,-0.258477899
-0.05622408,-0.24339269,1.161058612,0.972863,-0.433070716,0.259145036,-0.443282028,-0.133739902,0.267559167,-0.089655974
0.736945918,-0.542833063,0.779388912,0.652225241,0.916587581,0.19178262,0.883932467,1.455507037,-0.165919603,0.121912341
0.073423442,1.381604908,1.229679171,-0.646931229,1.084616724,-0.101289216,-1.082423493,0.891543416,-0.118659071,0.191626842
-0.83282575,1.085604825,1.049980181,-0.678052796,-0.902640209,1.919638541,1.171144789,1.099245493,0.736265294,0.151974268
-0.433819362,1.851221719,-1.099914691,-1.548854318,2.177454571,0.939048965,0.057982902,-0.572551322,0.732214112,-0.953531694
0.835943948,-0.480048942,-1.107680617,-0.23454174,0.727067856,-2.27458862,-0.808234024,0.646301859,-0.176073433,0.3833979
0.242220339,0.270069788,-1.192983954,-0.333718129,-1.009385746,0.060721205,1.901091133,-0.376097742,-2.166587272,-1.625724238
-0.028130334,-1.000722556,0.671700176,0.742939915,-1.224872086,1.722617405,0.446602034,1.622839158,0.448506091,0.39669934
1.583720652,1.034528476,0.852175349,0.027163255,-0.280615142,0.779864524,-0.204508963,-1.179020967,1.111175859,0.419269301
2.320931581,-1.417172592,-0.298471729,-1.611788395,1.494954488,-0.161143346,0.471903919,0.125489258,-0.622324451,-1.291745322
0.637532627,1.651663898,0.580693416,0.763389647,0.619126064,0.535113373,-0.2481451,0.675466246,-0.283170077,-1.691772264
0.126062273,-0.490794479,0.305450862,-0.689780558,0.486520563,0.114860482,0.067769188,-0.45650357,-0.510669591,1.414947534
-1.808477782,1.308425886,0.013011113,1.740348217,1.12712413,2.135766795,-0.522014981,0.488363948,0.579797918,0.195095516
0.111390545,-0.201690999,0.798333594,1.354541036,-0.516189864,0.060086008,-1.655085498,1.000751384,0.582596535,-0.682635922
1.069395291,1.388395617,1.171025327,-0.105452067,-1.013180067,0.385840462,-0.207303902,0.556710921,1.572078917,2.537809142
1.321733735,-0.297528735,-0.305823028,-0.43441838,-0.310034091,-0.50613,-0.214446571,-1.289533651,1.35627315,1.195218491
-1.276823432,0.162923475,0.111758074,1.414164351,-1.674519699,0.296463625,-0.397657932,0.828548611,1.513381844,-0.590548381
1.360230531,-0.02014012,-1.146632848,-0.192771411,0.430487693,-0.062103076,-0.745640798,-0.799137194,-0.278433998,0.501060327
-0.778624704,0.912619449,0.051966235,-1.376429952,1.278951151,-0.755859634,-0.996865524,0.036500746,0.541848004,1.688520288
-0.04291886,-1.304561929,-0.506398078,0.381912536,-1.254834965,-0.964268449,-1.347333388,-1.076722065,0.932835124,1.425924646
0.700718874,0.454529435,-0.419813121,-0.261913299,-0.72995582,0.445048379,-0.137269613,-0.405758178,-1.560196057,0.747133267
-0.438701698,-0.117884215,-0.7164192,0.525570266,-0.443991533,-0.40856888,1.060270812,-0.509511485,-0.442057673,-0.346942041
0.331349696,-1.889938211,-3.091979423,-1.538762446,0.140733303,3.200748657,2.973502663,0.274860794,1.271527005,1.209645525
-0.463003569,0.137075639,0.077047942,-0.605193587,0.824728187,-1.034222053,-1.30538633,1.755437873,-0.276408851,-0.26223616
-0.063192069,0.823014539,1.976238729,-0.034618344,0.307925363,1.25804641,-1.057317522,0.3807816,0.512545586,-1.342113953
-0.054343361,0.151601268,-0.247760346,-1.103574448,1.577474776,1.043672869,-0.042837338,0.972289451,-0.047666477,-1.681870958
-0.807654669,0.077669951,-1.691379428,-0.179330879,1.357589037,1.658347131,0.124926378,0.911679616,-0.181583903,1.068302993
-0.70143787,0.090141922,-1.400944184,0.649934825,-1.107190005,1.620881554,-0.228348143,-0.863633083,-1.195873059,-0.338743142
0.104443535,0.343431823,-0.699098514,0.92680309,0.140810442,-1.278077068,-0.053165271,-0.047516818,-2.031449078,-0.810454048
0.514778646,0.879660199,-1.416251441,0.489355858,-0.3397879,0.74192365,-0.259924119,-0.374690397,-0.596282977,-0.932220544
-0.172409642,0.888003828,-0.556011308,-0.018197333,-0.039500496,0.037010432,-1.907550545,0.175429571,-0.514380031,1.137784125
-0.513091064,0.977899876,0.647768299,2.728848342,0.29961005,-0.12905723,0.390549012,-0.3574351,-0.646608204,0.610512133
0.526600088,1.180094645,-0.26337225,-0.87907522,-0.404178891,-0.722331813,-2.30360974,-0.456776859,-0.194352044,-0.595888375
1.895310336,1.388061072,-1.076509105,0.061575998,0.83180915,-1.042197873,-0.386973531,-0.05126298,-0.001610079,0.345033804
2.319227009,1.171971191,0.702123254,0.330651676,-1.148528349,-1.659033399,0.528853196,-0.438851937,0.617610969,-1.082271737
-0.640720064,-0.625475095,1.098649411,-0.830258077,-0.967198172,-2.080353562,-0.946405929,0.210377879,-0.458325146,-1.273312183
0.728318054,0.385126965,-1.201028418,-0.662975066,-1.759782942,0.440591938,0.475867285,0.494766339,0.058513988,1.984650036
-0.600998369,0.881130976,-0.895313715,-1.243923017,0.375355244,1.886039623,0.264259255,0.87898011,0.780165434,1.755971793
-0.886994761,0.429885881,-0.139413935,-0.751458847,0.360084082,0.687789796,1.411921557,0.290639314,-0.056850318,0.558359302
1.556588365,0.316747429,-0.671701416,0.657017875,-1.81675271,-0.78343822,-0.627402058,0.660268631,-0.666076344,-0.305312012
0.661128246,-0.357384875,-1.778080718,0.773135475,-0.774514027,-0.179484518,1.184493219,-1.573199892,-0.094856801,0.40561788
1.135549995,-2.316616906,0.832545456,0.136248672,0.534219214,0.608146037,-1.729423169,-0.941606262,0.172900234,-0.247120388
0.713003057,-0.245386744,1.649651345,-0.515697901,0.997052347,-1.952011385,0.554107433,-0.457239771,-0.223409915,1.479726958
0.243103862,-1.958329371,0.818289768,0.258504512,-2.191602684,-0.234620841,0.051376686,0.340785061,0.149500355,-0.979731664
1.590097045,0.63375476,-0.923805732,-0.426882607,-0.172604979,-0.924012386,-1.263265807,-0.546718848,-0.0724248,-0.670493969
-0.801494489,-0.177055402,-0.97499476,-0.160406596,-0.796235268,-1.140954889,0.094392427,-0.964397019,0.892909741,0.356732038
-0.417755116,0.400633441,-0.171839772,-0.423267952,-0.121113979,-0.024119518,2.251132109,0.511005623,-0.047333813,0.192809219
0.207232117,1.670853772,-0.320958216,0.263566451,0.099480814,1.273624137,-2.449467477,-1.203784525,-0.127227533,-0.57589364
0.312696705,0.477954646,1.910888298,0.089500466,-0.424916469,-1.622578888,0.562918132,0.728223593,1.024647564,-0.269907404
1.85403482,-0.529637382,2.297967221,-0.061509115,-0.473868755,-0.506554089,0.634763194,0.302582673,2.060008574,1.058909705
-1.134449591,-1.120908832,-0.378666154,1.692108532,-1.441700323,0.067356026,0.252485826,0.353283476,-0.556437288,0.947172158
0.411891529,0.86769353,0.815954302,-2.382937753,0.188737175,-2.649351738,-1.909281385,-0.733630694,-0.54093298,0.839586683
1.374872164,-0.709288102,0.761074315,-1.313062246,0.800913706,-0.497248524,1.547849428,1.454238581,0.290251992,0.745011001
-0.415053919,-0.077714901,0.198425483,-2.382687335,0.360617452,1.113841191,0.303991466,0.268107462,0.59411161,2.425478795
-0.71257535,-0.207451186,-0.028183343,0.417897099,0.001083445,0.647137279,-0.802102972,0.290891667,0.882080543,0.196019657
-0.075987614,-0.803437574,0.560009533,1.277327603,0.995937789,-1.130255302,0.044614279,-0.072752847,0.039671397,1.072815632
-1.774875059,-1.719804772,-0.952679007,1.109717665,1.991595356,0.17440043,-0.835994136,-0.009141647,1.384850221,-1.476663451
0.381441297,0.071723944,1.20677907,0.957595373,-1.058928207,0.202109309,0.358411764,-0.494756505,-1.932274178,-0.827412409
-0.695615387,-0.037143681,0.48470339,0.706319139,1.075169375,-0.837499312,0.605858428,0.819418742,-0.858448149,0.22137555
-2.735481382,0.58909689,-1.345657268,-0.556097518,1.524644577,-1.76126133,0.886447709,-1.976922878,0.300939016,-0.57737544
-0.814836133,1.458241795,-0.210755462,-1.13666529,-0.402975438,0.321770518,0.802890343,1.185164739,-0.0099919,-1.710873959
1.346591912,0.333341104,-0.349174967,-0.096277872,-0.037490623,0.093247551,-0.266067298,-0.373651789,-1.111528496,-0.521319965
0.666356971,0.328969984,-0.588378787,-0.565403523,-0.753004044,-0.602216795,-0.737648562,0.378894665,-0.730817125,1.220115544
-0.836787043,0.077511031,-0.910959574,1.169232062,-0.113326988,-0.357519636,0.317323196,1.68983686,-0.230460114,1.87420121
0.52845164,0.828738222,-0.367472554,0.166781453,-0.02764502,-0.087320818,0.568566102,-0.53289286,0.23016106,1.216018533
0.052449706,-1.169242921,0.56330218,-1.428653315,0.311215631,1.674004857,0.743787273,-0.390959701,0.573241395,-1.775964355
1.281573305,-0.467550769,-0.185857375,-0.932775925,-0.006863368,-0.675839717,-1.075153133,-1.11641908,-1.819499681,-0.289073001
-0.686852585,-0.279502422,0.461200733,-0.947262112,-0.264806517,-0.579606285,-1.198055946,0.383011255,-0.784124508,0.072951293
-1.305899262,2.284986652,0.980970634,-0.641209514,-0.098189164,-2.511190479,0.831199064,0.800986125,-0.275196977,0.956524603
1.020688595,-0.793335724,0.812733669,-0.650703171,0.905427485,0.045748513,-1.376895477,0.611287378,-0.465056671,0.39131468
-0.818190164,0.843484904,-0.51681524,0.68021668,-2.503340853,1.311471784,-1.175480748,-0.393478855,1.282336096,-0.15258146
-0.223252005,0.66423579,0.277004337,0.430362338,0.357455558,-0.809387397,0.670887919,1.309261378,-0.465522091,-0.096897048
-1.814922526,0.749565723,0.7857258,0.857935929,1.199781609,-0.359363284,0.48033031,-0.085936965,-1.501783323,0.989637545
0.860522612,-0.78004237,0.319461286,1.427122762,0.164194526,-0.945588649,0.594085674,0.040866096,0.178640794,0.597299886
-2.762103542,0.452324451,-1.38053538,0.482225178,0.721373494,0.94314275,-1.288429363,-0.642356769,-0.756923555,0.161585415
-0.001108575,3.367579454,1.534198635,1.685764343,0.265979971,-1.454252105,0.692244539,-0.082114822,-0.202804579,1.146659616
-0.088006465,1.446645273,-0.437820714,1.779128245,0.452728572,0.446688414,1.208812024,-1.134100075,0.591766859,0.513307971
-0.51680961,0.042820483,1.724572605,0.645275466,0.226089014,0.733778644,0.51252223,-0.585729271,0.032214977,-0.549660389
-1.082577464,0.011466512,-0.926297741,-1.130764811,-0.310964444,0.606124598,-0.161181791,-0.104543888,-0.87473644,0.943900346
-0.831554002,-1.05521138,0.861459761,-1.615470067,-1.153437237,0.179678935,1.939835721,0.931748816,-0.689089218,1.134494145
-0.070642094,0.151036154,1.049744706,0.100227604,0.239025001,0.118802911,-0.429698463,1.022336055,-0.244773999,1.882097186
-0.190819532,0.353195901,-0.986843141,-1.144795792,-0.565269433,0.150801209,-0.007975779,0.836597695,-1.246426883,-0.648347992
0.6244443,-1.390215989,0.600830374,0.244511556,0.706478029,-0.413829704,0.63395349,0.915312655,-2.108978393,-0.778983733
1.435981408,-0.177710632,1.088364549,-1.123722402,0.818689811,1.143558825,-2.427701551,0.055765437,-0.359632882,-0.917478543
1.972107585,-1.026021319,0.494634751,0.131031211,0.453517798,1.14853974,-0.583141349,0.404705169,-0.032822173,-0.657538769
2.2078974,0.309350365,-0.620078938,-1.793532637,1.598446736,1.243372041,-0.972515917,-0.77799212,0.040239817,-1.492997743
0.676179139,0.214670439,-2.337420841,-0.683426682,-0.221158921,0.075050661,0.486631843,-0.070464218,-0.130904753,-1.307640819
0.008499253,0.358874984,-2.033568974,-0.857128156,0.278129223,-1.097973111,-0.180218605,1.56473832,-1.331460033,0.889037175
-1.577149272,-0.414955591,1.751940846,-2.688857513,0.416067367,0.622560394,-1.95495878,-0.781761712,0.623969745,-0.022083911
0.06751418,0.321542542,0.342408335,0.019875124,0.121494208,-1.079286604,0.618378362,-0.646991044,-0.634392998,0.203358698
-1.818616783,0.666991195,-2.145759794,0.652560633,-0.570524385,-1.797436182,0.524024927,0.27611799,0.665464153,-0.910791939
-0.548705282,1.021809089,1.459483388,0.245016086,0.232895519,0.784558407,1.633251547,-1.468404889,-1.226893746,-0.688398604
-0.820526614,1.065194934,-0.649294062,-0.681982296,2.411163691,-0.322259832,-0.653581242,-1.18565523,0.306757748,0.100316587
1.329067864,0.129078941,1.055430851,-0.437698781,-0.569404251,1.049625109,-0.691171464,-0.644825725,-0.308075873,2.765308566
-0.790195192,-0.403743379,1.442118637,-0.870360726,1.300840054,0.095299322,-1.219896872,-0.327948654,0.780519835,0.062026674
-1.107619493,1.716502054,-0.561996467,1.928944165,1.655998793,-0.402495314,0.701193314,0.411583087,-1.546388849,1.847388249
-0.647716745,-1.352601906,1.560838103,0.523287213,-0.611233414,-0.004349736,-1.421735173,0.838989442,-0.396536788,-0.131879579
-0.673976658,1.905100784,0.536234345,1.19278509,0.532034112,-0.158982357,0.049918368,-1.510716999,1.142140815,1.630479537
1.929325751,-1.118784333,0.5062438,-1.82340998,-1.108941271,0.22527525,1.636058965,1.512704732,-1.624916786,0.459256574
-0.16542377,0.816833609,0.769447823,-1.552319446,-0.153683184,0.111794768,0.971279935,2.081057012,1.177344506,-0.568092699
0.129393916,-1.021489136,-1.166694705,-0.381534152,1.024008833,0.157115076,0.684205337,0.499359369,-0.024256092,-1.581585125
-0.443369441,0.743365143,-2.136337074,1.016553193,0.341074109,1.816683348,0.936329032,-1.046287265,0.211390206,0.049731814
-0.172463889,-1.094616359,-0.861816421,-1.490522124,-0.480610111,-0.410244524,-1.455379867,0.241428378,1.969648937,0.190515356
0.676807972,-0.359334361,0.46213641,0.23988217,-0.929965374,0.245070175,-1.729805846,0.120456268,-1.441682176,1.184875343
0.934680556,1.346407252,0.914298306,0.535970805,-0.093260947,-0.218017026,2.761021511,-0.438545521,-1.767119513,0.536301713
0.02564723,0.96388385,2.278328882,-0.596251636,-0.290476075,-1.179535502,-0.949735289,-1.882760575,-0.511582167,0.450856308
0.877043004,0.849918248,-0.05612237,0.130611526,-0.14322361,1.282731778,0.930459204,0.874874832,-0.507430904,-1.118309749
-0.127038818,-0.678809322,1.3405584,0.429402631,1.739967722,0.112356949,-0.936719422,-1.915094739,0.162046554,-0.065037669
-0.489945387,-1.331918762,-1.223411332,-1.794895127,0.481013143,-1.237286932,-0.436809875,-1.179685525,-0.224354578,-0.02824498
1.191464259,2.450511807,-0.913030277,-0.164568241,0.077058571,0.17516268,1.320430646,0.204344002,0.276088074,0.118512374
0.537674744,0.099183802,0.337811545,0.226267422,1.04032853,-1.423597453,0.685296738,-1.502185657,1.029537103,0.316564109
-1.232361449,1.157446354,1.083554846,0.326786868,0.232952259,0.198347491,0.930924438,1.218400804,-0.345155857,0.602996472
0.824495524,-0.991277168,-1.585087015,-0.739114822,0.433894,1.540090119,0.864840401,-1.147901477,1.429639639,0.752489455
0.433371491,-1.038526039,0.923419832,1.18938487,-0.704756031,1.54882994,0.745883749,-1.089711963,-0.927483129,-0.016231339
0.827175087,2.042816742,-1.112763922,0.337420098,-1.792931056,-0.990935073,-0.134095398,0.342261578,0.072843037,-0.183036194
1.110427178,-0.528216091,-0.543615898,1.184130166,-0.416185227,1.025304086,1.396345263,-0.320429098,0.184494136,-0.221689384
-0.269474021,-0.717187694,0.709970606,-0.168562534,-0.909313631,-0.258630337,-0.102329139,1.186234897,0.573088268,-0.487856807
1.145762098,-0.226935772,-0.0319707,1.797383312,0.02472114,-0.629804093,0.339405424,1.580401666,1.44243679,1.192274271
1.0743577,-1.547518955,-1.140015696,1.44747293,0.477940329,-0.698704477,0.212074438,0.479181098,0.097767775,-1.583599122
-0.091300656,-1.007953836,-0.697831204,-1.192885492,-0.714989243,-0.283414029,1.250573281,-0.860626984,1.427467958,-0.917863781
-0.30052994,2.366234786,0.181152905,-0.550558304,-0.858817561,-0.66534538,-0.500334161,0.337418882,0.428603893,-2.013320373
-1.567907246,-1.171142389,-0.808539098,-0.720428011,0.297516449,1.996238224,-0.949411308,-0.174903993,-0.012815469,-1.491251406
-0.584726518,-1.395267491,-0.478858486,-1.045406131,-0.041787413,0.629549065,-0.397492555,0.15569313,0.959631185,-0.008782509
-0.775253647,0.519114579,0.272213497,0.880710238,0.098827008,1.14551928,-0.582901394,-1.020342752,-1.552571159,0.169968715
-1.621954328,1.133819858,-2.52004585,0.767572757,-0.750479129,-0.676958212,0.248995905,-1.623267114,-0.56618463,1.577630413
0.594340357,-0.018691804,1.984808373,-1.0682835,1.860217793,-0.603339609,-1.129021431,0.114515513,0.829329353,0.286373835
-1.72311674,-1.493629971,-0.890057707,0.270819964,-0.182418228,1.093553477,-1.159705094,-1.097680543,1.20567576,-1.884650972
-1.250013088,-0.507026214,-1.218077629,0.27638851,0.605031869,-2.401534231,-1.588319072,-0.405692489,-0.701313003,-2.126429367
0.884339769,0.129723871,0.67070884,0.188230921,0.92858256,-1.026005476,-0.262586303,-2.042881336,-0.311659811,0.554449292
-0.705172512,-0.196652814,1.394636344,0.82120118,2.167606881,0.869721625,-0.51479332,1.464480267,-0.774519575,0.049864881
0.775678031,1.715763518,0.071398937,2.089732964,-1.271801282,0.377499729,-0.528106194,0.119663765,-1.710545034,0.370879625
0.900469665,0.007253569,-0.194991134,0.016189278,0.410909075,-0.339616942,-1.088490181,0.035310678,-0.672913821,1.381011443
-1.010916038,0.179367198,0.367216358,-0.488573295,-2.096746575,-1.406307632,0.524881714,0.982694232,1.693216905,-0.761929629
-2.584830455,-0.961919872,-1.174276469,-1.945451378,-0.457012871,-2.238855254,0.337673596,0.895131294,-0.262954269,-0.073822283
1.334415323,0.253203223,-0.257479058,0.378486157,0.768285049,-0.717833263,-0.504426999,-0.003815001,0.730968077,0.560142075
0.440085454,-0.42476172,0.250939816,-1.814462491,0.06192174,0.509822277,0.190663387,1.012347819,-1.171425311,-0.258854718
-0.84886196,1.781476264,1.342657448,-0.703213034,1.717445051,0.093651855,0.012369056,-1.564476849,-0.70452436,-0.326981627
-1.151615286,1.885380184,0.545599657,-0.303699744,-1.039529827,0.017680302,0.286102717,-0.797870768,0.276161444,0.093319926
0.853717236,1.103580934,0.752422979,-0.215088354,0.707949451,1.831130481,2.004028286,-0.47085618,-1.246459669,-0.496335817
0.026361909,1.826377064,1.537067917,-0.93662273,-0.054655835,-0.389045187,-0.544831659,0.210244027,0.589789508,1.204810554